{"lr": 0.01, "num_filters": 16, "batch_size": 128, "learning_curve": [0.10920000076293945, 0.07770001888275146, 0.06470000743865967, 0.057099997997283936, 0.05089998245239258, 0.046000003814697266, 0.04129999876022339, 0.03780001401901245, 0.03549998998641968, 0.03240001201629639], "test_error": 0.14869999885559082}