{"lr": 0.1, "num_filters": 16, "batch_size": 128, "learning_curve": [0.039200007915496826, 0.030900001525878906, 0.024399995803833008, 0.017099976539611816, 0.01410001516342163, 0.013400018215179443, 0.01380002498626709, 0.013700008392333984, 0.012000024318695068, 0.011900007724761963], "test_error": 0.08760000020265579}