{"lr": 0.001, "num_filters": 16, "batch_size": 128, "learning_curve": [0.7341000139713287, 0.46230000257492065, 0.2802000045776367, 0.20349997282028198, 0.15759998559951782, 0.12760001420974731, 0.11070001125335693, 0.10240000486373901, 0.09579998254776001, 0.08950001001358032], "test_error": 0.06480000168085098}