{"lr": 0.0001, "num_filters": 16, "batch_size": 128, "learning_curve": [0.9179999977350235, 0.9035999998450279, 0.8861000016331673, 0.8718000054359436, 0.8545999974012375, 0.8363000005483627, 0.8200999945402145, 0.8020000010728836, 0.7873000055551529, 0.7706000059843063], "test_error": 0.14020000398159027}