{"test_error": 0.09459984302520752, "batch_size": 128, "learning_curve": [0.7714000195264816, 0.6631000339984894, 0.5948000848293304, 0.43160009384155273, 0.27650004625320435, 0.1994999647140503, 0.1550999879837036, 0.1283000111579895, 0.11289995908737183, 0.1012999415397644, 0.09449994564056396, 0.08869993686676025], "lr": 0.001, "num_filters": 16}