{"lr": 0.001, "num_filters": 16, "batch_size": 128, "learning_curve": [0.6362000107765198, 0.43970000743865967, 0.32889997959136963, 0.2591000199317932, 0.1833999752998352, 0.14219999313354492, 0.12000000476837158, 0.1062999963760376, 0.0965999960899353, 0.09149998426437378], "test_error": 0.9071999788284302}