{"test_error": 0.754800021648407, "batch_size": 128, "learning_curve": [0.8971000015735626, 0.8933000043034554, 0.8833000138401985, 0.8675000071525574, 0.8497999906539917, 0.8365000188350677, 0.8229999989271164, 0.8086000084877014, 0.796300008893013, 0.780799999833107, 0.7604000419378281, 0.7388000190258026], "lr": 0.0001, "num_filters": 16}