{"test_error": 0.010899901390075684, "batch_size": 128, "learning_curve": [0.045799851417541504, 0.030999839305877686, 0.022699832916259766, 0.016899824142456055, 0.014599859714508057, 0.0139998197555542, 0.013199865818023682, 0.01289987564086914, 0.01299983263015747, 0.01269984245300293, 0.01249992847442627, 0.012299895286560059], "lr": 0.1, "num_filters": 16}