{"test_error": 0.03599989414215088, "batch_size": 128, "learning_curve": [0.11089986562728882, 0.08099997043609619, 0.06969994306564331, 0.060199856758117676, 0.05559992790222168, 0.049099862575531006, 0.04639995098114014, 0.042299866676330566, 0.03989982604980469, 0.03679990768432617, 0.03409987688064575, 0.03289991617202759], "lr": 0.01, "num_filters": 16}