{"test_error": 0.09369993209838867, "batch_size": 128, "learning_curve": [0.8056000024080276, 0.7333000302314758, 0.6282000839710236, 0.4111000895500183, 0.2548999786376953, 0.19749993085861206, 0.15109997987747192, 0.12719988822937012, 0.11499989032745361, 0.10570001602172852, 0.09919989109039307, 0.09299987554550171], "lr": 0.001, "num_filters": 16}