{"test_error": 0.08319991827011108, "batch_size": 128, "learning_curve": [0.8793999999761581, 0.6360000669956207, 0.3009999990463257, 0.19819998741149902, 0.14569991827011108, 0.11889994144439697, 0.1059998869895935, 0.0978999137878418, 0.09169995784759521, 0.08619987964630127, 0.0816999077796936, 0.07809984683990479], "lr": 0.001, "num_filters": 16}