{"lr": 0.001, "num_filters": 16, "batch_size": 128, "learning_curve": [0.8081000000238419, 0.6832000017166138, 0.5455999970436096, 0.38770002126693726, 0.26840001344680786, 0.20740002393722534, 0.1607000231742859, 0.13340002298355103, 0.11390000581741333, 0.10360002517700195], "test_error": 0.1776999980211258}