{"test_error": 0.23330003023147583, "batch_size": 128, "learning_curve": [0.7895000278949738, 0.645700067281723, 0.5245001316070557, 0.44250011444091797, 0.39270007610321045, 0.3520001173019409, 0.31210005283355713, 0.28700000047683716, 0.26830005645751953, 0.2505999803543091, 0.23610001802444458, 0.22140002250671387], "lr": 0.001, "num_filters": 16}