{"lr": 0.001, "num_filters": 16, "batch_size": 128, "learning_curve": [0.773499995470047, 0.625900000333786, 0.5672000050544739, 0.51460000872612, 0.4563000202178955, 0.3865000009536743, 0.3352000117301941, 0.29100000858306885, 0.2660999894142151, 0.24639999866485596], "test_error": 0.09109999984502792}