{"test_error": 0.087199866771698, "batch_size": 128, "learning_curve": [0.716200053691864, 0.4207000732421875, 0.33000004291534424, 0.21979999542236328, 0.1557999849319458, 0.12970000505447388, 0.11469990015029907, 0.10329985618591309, 0.09619992971420288, 0.08969986438751221, 0.08529984951019287, 0.08209991455078125], "lr": 0.001, "num_filters": 16}