{"lr": 0.001, "num_filters": 16, "batch_size": 128, "learning_curve": [0.8138000071048737, 0.6583999991416931, 0.3824999928474426, 0.2831000089645386, 0.19749999046325684, 0.14789998531341553, 0.12099999189376831, 0.10850000381469727, 0.10049998760223389, 0.0934000015258789], "test_error": 0.06849999725818634}