{"test_error": 0.091499924659729, "batch_size": 128, "learning_curve": [0.6504000425338745, 0.34490007162094116, 0.2713000178337097, 0.20909994840621948, 0.1599000096321106, 0.129599928855896, 0.11419987678527832, 0.10629987716674805, 0.1001998782157898, 0.09359991550445557, 0.08929991722106934, 0.08619993925094604], "lr": 0.001, "num_filters": 16}